{
  "lineColor": {
    "text": "Lines",
    "type": "color",
    "value": "#00FFFF"
  },
  "backgroundColor": {
    "text": "Background",
    "type": "color",
    "value": "#000000"
  },
  "customGradiant": {
    "text": "custom gradiant",
    "type": "color",
    "value": "#555555"
  },
  "square": {
    "type": "checkbox",
    "value": true,
    "text": "Square"
  },
  "bloomVal": {
    "max": 100,
    "min": 0,
    "tick": 25,
    "step": 10,
    "text": "bloom",
    "type": "slider",
    "value": 100
  },
}